"Name","Category","Price","Currency","Description","Available"
"Agushi(Melon powder)","African Grocery",7.99,"CAD","300g","1"
"Bitiku (Frozen)","African Grocery",5.99,"CAD","500g","1"
"Chunk Light Tuna in oil","African Grocery",1.99,"CAD","170g","1"
"Chunk Light Tuna in water","African Grocery",1.99,"CAD","170g","1"
"Corn Porridge","African Grocery",6.99,"CAD","1kg","1"
"Dried Red Sorrel","African Grocery",5.99,"CAD","125 g","1"
"Fufu Cocoyam","African Grocery",8.49,"CAD","680g","1"
"Fufu Plantain","African Grocery",8.49,"CAD","680 gm","1"
"Fumbwa (Frozen)","African Grocery",6.99,"CAD","250g","1"
"Jack Mackerel in Can","African Grocery",4.99,"CAD","425g","1"
"Jack Mackerel in Tomato Sauce","African Grocery",4.49,"CAD","425g","1"
"Matembele (Frozen)","African Grocery",5.99,"CAD","500g","1"
"Ngai Ngai (Frozen)","African Grocery",5.99,"CAD","500g","1"
"Okra  (Frozen)","African Grocery",2.99,"CAD","250g","1"
"Palm Oil","African Grocery",8.99,"CAD","1 lit","1"
"Palmnut Cream","African Grocery",5.99,"CAD","800g","1"
"Pondu (Frozen)","African Grocery",5.99,"CAD","1 Kg","1"
"Spinach  (Frozen)","African Grocery",5.49,"CAD","900g","1"
"Titus Sardinas in Soybean","African Grocery",1.99,"CAD","123g","1"
"Yellow Gari","African Grocery",5.99,"CAD","1kg","1"
"Banoful Bay Leaf","Banoful & Kishwan Snacks",2.99,"CAD","100g","1"
"Banoful BBQ Chanachur","Banoful & Kishwan Snacks",3.99,"CAD","350g","1"
"Banoful Chanachur","Banoful & Kishwan Snacks",3.99,"CAD","350g","1"
"Banoful Chira Laddu","Banoful & Kishwan Snacks",5.99,"CAD","500g","0"
"Banoful Curry Powder","Banoful & Kishwan Snacks",3.99,"CAD","250g","1"
"Banoful Dry Cake","Banoful & Kishwan Snacks",4.99,"CAD","350g","1"
"Banoful Dry Cake Chocolate","Banoful & Kishwan Snacks",3.99,"CAD","350g","1"
"Banoful Dry Whole Chilli","Banoful & Kishwan Snacks",1.99,"CAD","100g","1"
"Banoful Flattened Rice (Chira)","Banoful & Kishwan Snacks",2.99,"CAD","500g","1"
"Banoful Fried Dal","Banoful & Kishwan Snacks",0.99,"CAD","30g","1"
"Banoful Fried Peas","Banoful & Kishwan Snacks",0.99,"CAD","30g","1"
"Banoful Hot Chanachur","Banoful & Kishwan Snacks",3.99,"CAD","350g","1"
"Banoful Lascha Semai","Banoful & Kishwan Snacks",2.99,"CAD","200g","1"
"Banoful Masala Chanachur","Banoful & Kishwan Snacks",3.99,"CAD","300g","1"
"Banoful Muri Laddu","Banoful & Kishwan Snacks",5.99,"CAD","325g","0"
"Banoful Musterd Oil","Banoful & Kishwan Snacks",3.99,"CAD","1000ml","1"
"Banoful Puffed Rice","Banoful & Kishwan Snacks",4.49,"CAD","400g","1"
"Banoful Toast(red)","Banoful & Kishwan Snacks",3.99,"CAD","350g","1"
"Banoful Vermicelli","Banoful & Kishwan Snacks",1.49,"CAD","200g","1"
"Kishawn Meat Masalla","Banoful & Kishwan Snacks",1.99,"CAD","100g","1"
"Kishiwan Horilicks Biscuit","Banoful & Kishwan Snacks",4.49,"CAD","350g","1"
"Kishwan Chatpati Mix","Banoful & Kishwan Snacks",1.99,"CAD","250g","1"
"Kishwan Fish Masalla","Banoful & Kishwan Snacks",1.99,"CAD","100g","1"
"Kishwan Halim Mix","Banoful & Kishwan Snacks",2.99,"CAD","200g","1"
"Kishwan Instant Noodles","Banoful & Kishwan Snacks",2.99,"CAD","65g*4","1"
"Kishwan Kasundi","Banoful & Kishwan Snacks",3.99,"CAD","265gm","1"
"Kishwan Khichuri Mix","Banoful & Kishwan Snacks",3.99,"CAD","500g","1"
"Kishwan Mango Bar","Banoful & Kishwan Snacks",9.99,"CAD","30*14gm","0"
"Kishwan Mango Pickle","Banoful & Kishwan Snacks",3.99,"CAD","400g","1"
"Kishwan Salted Cookies","Banoful & Kishwan Snacks",7.99,"CAD","800g","1"
"Kishwan Suger Free Cookies","Banoful & Kishwan Snacks",3.99,"CAD","300g","1"
"Kishwan Sweet Toast","Banoful & Kishwan Snacks",3.99,"CAD","350g","0"
"Kishwan Tea Time Cookies","Banoful & Kishwan Snacks",7.99,"CAD","800g","1"
"Mango Bar","Banoful & Kishwan Snacks",3.99,"CAD",NA,"1"
"Mr. Twist","Banoful & Kishwan Snacks",1.25,"CAD",NA,"1"
"Olive Pickle","Banoful & Kishwan Snacks",3.99,"CAD","400g","1"
"Potato Crackers","Banoful & Kishwan Snacks",1.25,"CAD",NA,"0"
"Coconut Charcoal 72 Pics","Barbecue",7.99,"CAD",NA,"0"
"Three Kings Charcoal","Barbecue",16.99,"CAD",NA,"1"
"Fanta","Beverages",2.99,"CAD","300ml","1"
"Frutika Mango Juice","Beverages",1.25,"CAD","250gm","0"
"Frutta Mango Juice","Beverages",2.99,"CAD","1 Liter","1"
"Frutta Mango Juice","Beverages",1.25,"CAD","250ml","0"
"ITN Mango Juice","Beverages",3.49,"CAD","3 Liters","1"
"ITN Mix Juice","Beverages",9.99,"CAD","3 Liters","1"
"Perrier Water","Beverages",1.99,"CAD","500ml","1"
"Red Bull Energy Drink","Beverages",3.49,"CAD","250ml","1"
"Vimto Drink","Beverages",1.49,"CAD","330ml","1"
"Vimto Fruit Cardial","Beverages",9.99,"CAD","710ml","1"
"Wonderfarm Coconut Water","Beverages",1.49,"CAD","310ml","1"
"Carnation Evaporated Milk","Dairy Products",3.99,"CAD","Evaporated Milk","1"
"Coconut Milk","Dairy Products",2.99,"CAD","400ml","1"
"Condensed Milk","Dairy Products",4.49,"CAD","300ml","1"
"Eggs","Dairy Products",4.99,"CAD","12 pack large","1"
"Horlicks","Dairy Products",11.99,"CAD","500gm","1"
"Khoa","Dairy Products",7.99,"CAD","341gm","1"
"Paneer","Dairy Products",7.99,"CAD","341gm","1"
"Sealtest Homo milk","Dairy Products",7.99,"CAD","4 Liters","1"
"Wonderfarm Coconut Cream","Dairy Products",3.49,"CAD","400ml","1"
"Black Chana Whole","Dals & Pulses",9.99,"CAD","4lb","1"
"Brown Lentils","Dals & Pulses",6.99,"CAD","4 Lbs","1"
"Chana Dal","Dals & Pulses",8.99,"CAD","4lb","1"
"Chick Peas Whole","Dals & Pulses",6.99,"CAD","4lb","1"
"Moong Dal","Dals & Pulses",11.99,"CAD","4lb","1"
"Moong Whole","Dals & Pulses",11.99,"CAD","4lb","1"
"Red Lentils","Dals & Pulses",8.99,"CAD","4lb","1"
"Toor Dal","Dals & Pulses",8.99,"CAD","4 Lbs","1"
"Urid Dal","Dals & Pulses",8.99,"CAD","4 Lbs","1"
"Urid Whole","Dals & Pulses",9.99,"CAD","4lb","1"
"Ayre Fish (Block)","Fish And Seafood",12.99,"CAD","Weight: 500gm
Ruposhi Bangla","1"
"Bacha","Fish And Seafood",12.99,"CAD","Company: Ruposhi Bangla
Weight: 500g","1"
"Bailla","Fish And Seafood",12.99,"CAD","Company: Ruposhi Bangla
Weight: 500g","1"
"Bata Fish","Fish And Seafood",10.99,"CAD","Company: Ruposhi Bangla
Weight: 500gm","1"
"Batashi","Fish And Seafood",5.99,"CAD","Company: Ruposhi Bangla
Weight: 250g","1"
"Boal Fish (Block)","Fish And Seafood",12.99,"CAD","Weight: 500gm
Ruposhi Bangla","1"
"Bulaicha","Fish And Seafood",5.99,"CAD","Weight: 250GM
Ruposhi Bangla","0"
"Chalapata","Fish And Seafood",6.99,"CAD","Weight: 250GM
Ruposhi Bangla","1"
"Chapila Chepa (Dry)","Fish And Seafood",7.99,"CAD","Weight: 150GM
Ruposhi Bangla","1"
"Deshi Koi","Fish And Seafood",5.99,"CAD","Company: Ruposhi Bangla","1"
"Deshi Mola","Fish And Seafood",5.99,"CAD","Company: Ruposhi Bangla
Weight: 250g","1"
"Deshi Puti","Fish And Seafood",4.99,"CAD","Company: CLOBE","1"
"Dry Puti (Shidol/Chapa)","Fish And Seafood",7.99,"CAD","Weight: 150GM
Rose Or South Asia Or Deshi","1"
"Foli","Fish And Seafood",10.99,"CAD","Weight: 500GM
Ruposhi Bangla","1"
"Hilsha Block","Fish And Seafood",13.99,"CAD","500 gm","1"
"Hilsha Egg","Fish And Seafood",13.99,"CAD","Weight: 200gm
Ruposhi Bangla","1"
"Hilsha Fish Whole","Fish And Seafood",47.99,"CAD","Fresh Hilsha","1"
"Kaikka","Fish And Seafood",4.99,"CAD","Weight: 250GM
Rose Or South Asia Or Deshi","0"
"Kajoli","Fish And Seafood",6.99,"CAD","Company: Ruposhi Bangla
Weight: 250g","1"
"Kajoli","Fish And Seafood",13.99,"CAD","Weight: 500GM
Rose Or South Asia Or Deshi","0"
"Keski Fish","Fish And Seafood",3.99,"CAD","Company: Ruposhi Bangla
Weight: 250g","1"
"King Fish Whole","Fish And Seafood",49.99,"CAD","Minimum 5 lbs","0"
"Long Baim","Fish And Seafood",13.99,"CAD","Weight: 500GM
Rose Or South Asia Or Deshi","1"
"Lotia","Fish And Seafood",9.99,"CAD","Company: Clobe
Weight: 500g","1"
"Meni Fish","Fish And Seafood",10.99,"CAD","Weight: 500GM
Rose Or South Asia Or Deshi","1"
"Mix Fish","Fish And Seafood",11.99,"CAD","Weight: 500GM
Rose Or South Asia Or Deshi","1"
"Mrigal Fish Whole","Fish And Seafood",49.99,"CAD","Weight can be 100gm + –
Rose Or South Asia Or Deshi","1"
"Pabda","Fish And Seafood",13.99,"CAD","Company: Ruposhi Bangla
Weight: 500g","1"
"Poa","Fish And Seafood",9.99,"CAD","Weight: 500GM
Rose Or South Asia Or Deshi","1"
"Pompano (2 Pieces)","Fish And Seafood",13.99,"CAD","Weight: 800GM","1"
"Rani","Fish And Seafood",6.99,"CAD","Weight: 250Gm
Rose Or South Asia Or Deshi","1"
"Rohu Fish Whole","Fish And Seafood",34.99,"CAD","Rose Or South Asia Or Deshi","1"
"Shing","Fish And Seafood",10.99,"CAD","Company:  Clobe
Weight: 500gm","1"
"Shoil","Fish And Seafood",11.99,"CAD","Weight: 500GM
Rose Or South Asia Or Deshi","1"
"Shorputi","Fish And Seafood",10.99,"CAD","Weight: 500gm
Ruposhi Bangla","1"
"Silver Pomphret 300g","Fish And Seafood",12.99,"CAD",NA,"1"
"Taki Fish","Fish And Seafood",9.99,"CAD","Weight: 500GM
Rose Or South Asia Or Deshi","1"
"Tengra 500g","Fish And Seafood",11.99,"CAD","Weight: 500gm","1"
"Tilapia Fish","Fish And Seafood",60,"CAD","Weight: 18 lbs Box
Medium Size","1"
"Whole Ayre Fish","Fish And Seafood",39.99,"CAD","Fresh Fish","1"
"Whole Boal Fish","Fish And Seafood",39.99,"CAD","Fresh Fish","1"
"Whole Katal Fish","Fish And Seafood",59.99,"CAD","11Lbs
100gm + –","1"
"Whole Pangus Fish","Fish And Seafood",29.99,"CAD","7 lbs","1"
"Basan","Flour",5.99,"CAD","2lb","1"
"Basan","Flour",9.99,"CAD","4 lb","1"
"Rice Flour","Flour",6.99,"CAD","4 Lb","1"
"Rice Flour","Flour",3.99,"CAD","2lb","1"
"Sujji","Flour",3.99,"CAD","2 lb","1"
"Sujji","Flour",6.99,"CAD","4Lb","1"
"Bhapa Pitha","Frozen Snack",7.99,"CAD","550 gm","1"
"Chanar Sandesh","Frozen Snack",24.99,"CAD","1000 gm","1"
"Chitol Pitha","Frozen Snack",7.99,"CAD",NA,"1"
"Chomchom","Frozen Snack",21.99,"CAD","Origin Bangladesh","1"
"Khirer Chomchom","Frozen Snack",21.99,"CAD","1000 gm","1"
"Nokshi Pitha","Frozen Snack",10.99,"CAD","600 gm","0"
"Nun Gora","Frozen Snack",8.99,"CAD","800 gm","1"
"Puli Pitha","Frozen Snack",8.99,"CAD","500 gm","1"
"Roshgollah","Frozen Snack",21.99,"CAD",NA,"1"
"Roshmalai","Frozen Snack",21.99,"CAD","Origin : Bangladesh","1"
"Shahi Mughlai Paratha","Frozen Snack",6.99,"CAD","400 gm","0"
"Sweet Curd","Frozen Snack",21.99,"CAD","1000 gm","1"
"Sylhety Bakor Khani","Frozen Snack",7.99,"CAD","300 gm","1"
"Bitiku (Frozen)","Frozen Vegetables",5.99,"CAD","500g","1"
"Chalta (Elephant Apple) Cut","Frozen Vegetables",3.99,"CAD","300g","1"
"Green Bean Seeds","Frozen Vegetables",3.99,"CAD","300g","0"
"Green Data","Frozen Vegetables",3.99,"CAD","300g","1"
"Green Kachur Lati (Taro) (Thin)","Frozen Vegetables",3.99,"CAD","300g","1"
"Green Kakrol (Teasle gourd ) 4 Cut","Frozen Vegetables",3.99,"CAD","300g","1"
"Green Korolla (Bitter Gourd) Slice","Frozen Vegetables",3.99,"CAD","300g","1"
"Green Olive","Frozen Vegetables",3.99,"CAD","300g","1"
"Green Potol (Palwal) (Clean  slice)½ slice)","Frozen Vegetables",3.99,"CAD","300g","1"
"Jack Fruit Seeds (Clean  slice)½ slice)","Frozen Vegetables",3.99,"CAD","300g","1"
"Kodbel ( Wood Apple) Whole","Frozen Vegetables",4.99,"CAD","500g","1"
"Lal Shak","Frozen Vegetables",4.99,"CAD","300g","1"
"Matembele (Frozen)","Frozen Vegetables",5.99,"CAD","500g","1"
"Ngai Ngai (Frozen)","Frozen Vegetables",5.99,"CAD","500g","1"
"Okra  (Frozen)","Frozen Vegetables",2.99,"CAD","250g","1"
"Pondu (Frozen)","Frozen Vegetables",5.99,"CAD","1 Kg","1"
"Shredded Coconut","Frozen Vegetables",3.99,"CAD","300g","1"
"Spinach  (Frozen)","Frozen Vegetables",5.49,"CAD","900g","1"
"White Kachur Mukhi (Eddoe)","Frozen Vegetables",3.99,"CAD","300g","1"
"Cassava","Fruits & Vegetables",2.99,"CAD","Per lbs","1"
"Corriander leaf","Fruits & Vegetables",2.99,"CAD","1 Bunch","1"
"Garlic","Fruits & Vegetables",1.99,"CAD","3 Pcs Pack","1"
"Ginger","Fruits & Vegetables",3.99,"CAD","Per lbs","1"
"Green Chilli","Fruits & Vegetables",7.99,"CAD","Per lbs","1"
"Green Mango","Fruits & Vegetables",3.99,"CAD","Per lbs","1"
"Green Papaya","Fruits & Vegetables",5.99,"CAD","1.5-2 lbs","1"
"Jamican Hot Pepper","Fruits & Vegetables",7.99,"CAD","Per lbs","1"
"Long Egg Plant","Fruits & Vegetables",3.99,"CAD","Per lbs","1"
"Mint leaf","Fruits & Vegetables",1.99,"CAD","1 Bunch","0"
"Okra Indian","Fruits & Vegetables",6.99,"CAD","Per lbs","1"
"Onion","Fruits & Vegetables",7.99,"CAD","10 lbs Bag","1"
"Onion","Fruits & Vegetables",2.99,"CAD","2 lbs bag","1"
"Pan","Fruits & Vegetables",21.99,"CAD","Per lbs","1"
"Pan 20Pcs","Fruits & Vegetables",3,"CAD","20 pcs","1"
"Potato","Fruits & Vegetables",6.99,"CAD","10 lbs Bag","1"
"Tomatoes","Fruits & Vegetables",2.99,"CAD","Per lbs","1"
"Yellow Plantain","Fruits & Vegetables",1.49,"CAD","Per lbs","1"
"Agushi(Melon powder)","Grocery",7.99,"CAD","300g","1"
"Cedar Harissa","Grocery",3.99,"CAD","425ml","1"
"Cedar Honey","Grocery",14.99,"CAD","1kg","1"
"Chunk Light Tuna in oil","Grocery",1.99,"CAD","170g","1"
"Chunk Light Tuna in water","Grocery",1.99,"CAD","170g","1"
"Coconut Milk In Can","Grocery",2.99,"CAD","400ml","1"
"Condensed Milk","Grocery",4.99,"CAD","300ml","1"
"Corn Porridge","Grocery",6.99,"CAD","1kg","1"
"Corn Starch","Grocery",2.99,"CAD","400g","1"
"Dal Kumro Bori","Grocery",5.99,"CAD",NA,"1"
"Dried Red Sorrel","Grocery",5.99,"CAD","125 g","1"
"Dry Plum(Boroi)","Grocery",5.99,"CAD",NA,"1"
"Evaporated Milk","Grocery",3.99,"CAD","354ml","1"
"Fried Onion Non Coated","Grocery",4.99,"CAD","312gm","1"
"Fufu Cocoyam","Grocery",8.49,"CAD","680g","1"
"Fufu Plantain","Grocery",8.49,"CAD","680 gm","1"
"Green Jackfruit In Can","Grocery",3.99,"CAD","580ml","0"
"Ispahani Mirzapore Tea","Grocery",6.99,"CAD","400gm","1"
"Jack Mackerel in Can","Grocery",4.99,"CAD","425g","1"
"Jack Mackerel in Tomato Sauce","Grocery",4.49,"CAD","425g","1"
"Kashta Cream","Grocery",3.49,"CAD","170ml","1"
"Lipton Yellow Label Tea","Grocery",7.99,"CAD","200gm/100 Tea Bag","1"
"Maggi Chicken Cube Box","Grocery",6.99,"CAD","21gm*24","1"
"Masoud Tomato Paste","Grocery",4.99,"CAD","796ml","1"
"Natural Honey","Grocery",8.99,"CAD","375g","1"
"Palmnut Cream","Grocery",5.99,"CAD","800g","1"
"Phoenicia honey With Comb","Grocery",12.99,"CAD","500gm","1"
"Redpath Sugar","Grocery",3.99,"CAD","2kg","1"
"Sago Seeds","Grocery",2.99,"CAD","200g","1"
"Sriracha Hot Chili Sauce","Grocery",7.99,"CAD","714ml","1"
"Table Salt","Grocery",1.99,"CAD","1kg","1"
"Talmakhana","Grocery",5.99,"CAD",NA,"1"
"Tapal Danedar Tea","Grocery",7.99,"CAD","450gm","1"
"Tapal Family Mixture","Grocery",12.99,"CAD","900gm","1"
"Titus Sardinas in Soybean","Grocery",1.99,"CAD","123g","1"
"Wonderfarm Coconut Cream","Grocery",3.49,"CAD","400ml","1"
"Yellow Gari","Grocery",5.99,"CAD","1kg","1"
"Bigen Hair Color 48","Health & Beauty",5.99,"CAD","Dark Chestnut","1"
"Bigen Hair Color 57","Health & Beauty",5.99,"CAD","Dark Brown","1"
"Bigen Hair Color 59","Health & Beauty",5.99,"CAD","Oriental Black","1"
"Chandrika Soap","Health & Beauty",2.99,"CAD","175gm","1"
"Complete Care Neem Toothpaste","Health & Beauty",4.99,"CAD","150gm","1"
"Eno Regular","Health & Beauty",5.99,"CAD","100gm","1"
"Fair and Lovely","Health & Beauty",7.99,"CAD","80gm","1"
"Hajmola","Health & Beauty",3.99,"CAD","66gm","1"
"Handi Black Henna for Hair","Health & Beauty",4.99,"CAD","Black","1"
"Lux Soap","Health & Beauty",2.99,"CAD","100gm","1"
"Lux Soap","Health & Beauty",2.99,"CAD",NA,"1"
"Neem and Turmeric Soap","Health & Beauty",3.99,"CAD","125gm","1"
"Neem Face Wash","Health & Beauty",5.99,"CAD","100ml","1"
"Neem Oil","Health & Beauty",3.99,"CAD","100 ml","1"
"Noorani Hair Color (Black Henna)","Health & Beauty",5.99,"CAD","Black Henna","1"
"Noorani Hair Color (Brown Henna)","Health & Beauty",5.99,"CAD","Brown Henna","1"
"Noorani Hair Color (Chestnut Henna)","Health & Beauty",5.99,"CAD","Chestnut Henna","1"
"Zarqa Henna for Hair","Health & Beauty",3.99,"CAD","Black","1"
"Belly sauce pan","Household Items",19.99,"CAD","Household Item","1"
"Big Boss","Household Items",27.99,"CAD","Full S.S","1"
"Casserole with Glass Lid","Household Items",24.99,"CAD","Non-Stick","1"
"Disco Hari with Sora Dhakna","Household Items",27.99,"CAD","Household item","1"
"Food Pot Leisure (Half S S)","Household Items",9.99,"CAD","500ml","1"
"Frypan","Household Items",14.99,"CAD","Bakelite Handle","1"
"Frypan with Lid","Household Items",24.99,"CAD","Non-Stick","1"
"Frypan without Lid","Household Items",24.99,"CAD","Non-stick","1"
"Galaxy Full Steel","Household Items",38.99,"CAD","6000ml","1"
"Galaxy Full Steel (M.L)","Household Items",38.99,"CAD","In-store only","1"
"Karai Metal Halnde","Household Items",38.99,"CAD","30 cm","1"
"Karai with GL (Bakelite Handle)","Household Items",27.99,"CAD","22 cm","1"
"Karai with Glass Lid","Household Items",34.99,"CAD","Non-Stick","1"
"Kiam (Classic)","Household Items",39.99,"CAD","Pressure cooker","1"
"Kiam Queen  (White)","Household Items",34.99,"CAD","Pressure cooker","1"
"Lunch Pot","Household Items",24.99,"CAD","4 Bati (pcs)","1"
"Lunch Pot","Household Items",19.99,"CAD","Monalisa","1"
"Milk Pan with Lid","Household Items",19.99,"CAD","Household Item","1"
"Multi Pan (Bakelite Handle)","Household Items",49.99,"CAD","34 cm","1"
"Multipan with Glass Lid","Household Items",34.99,"CAD","Non-Stick","1"
"N/S Milkpan","Household Items",21.99,"CAD","Non-Stick","1"
"Omega ( Inside S.S)","Household Items",27.99,"CAD","2700ml","1"
"One Handle Karai with Glass Lid","Household Items",34.99,"CAD","Non-stick","1"
"Pitha Hari (with Khura)","Household Items",14.99,"CAD","No-9","1"
"Rice Hari with Sora  Dhakna","Household Items",29.99,"CAD","No-13","1"
"Ruti Towa","Household Items",16.99,"CAD","25 cm","1"
"Sauce Pan","Household Items",19.99,"CAD","Bakelite Handle","1"
"Sock Pot","Household Items",27.99,"CAD","Household Item","1"
"Torkari Hari with Sora Dhakna","Household Items",34.99,"CAD","Household Item","1"
"Wok pan","Household Items",38.99,"CAD","30 cm","1"
"Aloo Puri","Kazi Farm",3.99,"CAD","450g","1"
"Dal Puri","Kazi Farm",3.99,"CAD","450g","0"
"Plain Paratha","Kazi Farm",8.99,"CAD","Family Packet","1"
"Spring Roll Pastry","Kazi Farm",3.99,"CAD","400gm","1"
"Vegetable Samosa","Kazi Farm",3.99,"CAD","400g","0"
"Vegetable Singara","Kazi Farm",3.99,"CAD","Kazi Farms Kitchen","1"
"Vegetable Spring Roll","Kazi Farm",3.99,"CAD","400gm","1"
"Chicken Breast Boneless","Meat - Chicken",7.99,"CAD","Per lbs","1"
"Chicken Drumstick As Is","Meat - Chicken",2.99,"CAD","Per lbs","1"
"Chicken Kima Frozen (2 Lbs)","Meat - Chicken",13.99,"CAD","Per Lb $6.49","1"
"Chicken Leg Quarter As Is","Meat - Chicken",2.75,"CAD","Per lbs","1"
"Chicken Leg Quarter Skin Off & Cut","Meat - Chicken",2.99,"CAD","Per lbs","1"
"Chicken Thigh Boneless","Meat - Chicken",5.99,"CAD","Per lbs","1"
"Chicken Whole As Is","Meat - Chicken",12.99,"CAD","3-3.50 Lbs","1"
"Chicken Whole Skin Off & Cut","Meat - Chicken",13.99,"CAD","3-3.50 Lbs","1"
"Chicken Wings (2 Lbs.)","Meat - Chicken",11.99,"CAD","Each lbs $4.99","1"
"Halal Duck Burn","Meat - Chicken",37.99,"CAD","Each","1"
"Small Hard Chicken 1.5-2 Lbs","Meat - Chicken",6.99,"CAD","Each","1"
"Beef Boneless Pasanda","Meat -Beef",7.49,"CAD","Per lbs","1"
"Beef Boneless Stew","Meat -Beef",7.25,"CAD","Per lbs","1"
"Beef Feet (Paya) Frozen","Meat -Beef",15.99,"CAD","Minimam 4Lbs","1"
"Beef Nihari Shank With Bone 4Lbs","Meat -Beef",23.96,"CAD","Per Lbs $5.99","1"
"Beef T-Bone 2Lbs","Meat -Beef",15.99,"CAD","Per Lbs $7.27","1"
"Beef With Bone (Mix)","Meat -Beef",5.49,"CAD","Get a Special Rate for 10 lb Only 49.99 CAD","1"
"Ground Beef Ex.Lean","Meat -Beef",7.49,"CAD","Per lbs","1"
"Ground Beef Lean","Meat -Beef",5.99,"CAD","Per lbs","1"
"Ground Beef Mediam","Meat -Beef",5.99,"CAD","Per lbs","1"
"Goat Chops","Meat-Lamb/Goat",12.99,"CAD","Per Lb","1"
"Goat Leg Per Lb $12.99","Meat-Lamb/Goat",84.99,"CAD","Average 6.5 Lbs","1"
"Goat Shoulder & Ribs (average 3 lbs)","Meat-Lamb/Goat",32.99,"CAD","Average 3 lbs ($10.99 Per lbs)","1"
"Goat/Lamb Feet(Frozen) Per Lb $5.99","Meat-Lamb/Goat",14.99,"CAD","Average 2.5 Lbs","0"
"Goat/Lamb Stomach Lb $5.99","Meat-Lamb/Goat",14.99,"CAD","Minimum 2.5 Lbs","0"
"Lamb Chops","Meat-Lamb/Goat",12.99,"CAD","Per Lb","1"
"Lamb Leg","Meat-Lamb/Goat",90.99,"CAD","Average 6.5 Lbs","1"
"Lamb Shoulder & Rib  per lb $12.99","Meat-Lamb/Goat",38.99,"CAD","Average 3 lbs","1"
"Allegro Sunflower Oil","Oil and Ghee",9.99,"CAD","1 Liter","0"
"Amla Hair Oil","Oil and Ghee",7.99,"CAD","275ml","1"
"Aseel Ghee (1kg)","Oil and Ghee",9.99,"CAD","1kg","1"
"Aseel Ghee (500gm)","Oil and Ghee",6.99,"CAD","500gm","1"
"Banoful Mustard Oil","Oil and Ghee",10.99,"CAD","1 Liter","1"
"Banoful Mustard Oil","Oil and Ghee",3.99,"CAD","250ml","1"
"Banoful Mustard Oil (500ml)","Oil and Ghee",5.99,"CAD","500ml","1"
"Black seed oil 100ml","Oil and Ghee",13.99,"CAD",NA,"1"
"Clic Canola Oil 946 ml","Oil and Ghee",9.99,"CAD","946ml","0"
"Clic Corn Oil","Oil and Ghee",9.99,"CAD","946ml","0"
"Dabur Amla Hair Oil","Oil and Ghee",7.99,"CAD","275ml","1"
"Desi Almond Oil","Oil and Ghee",8.99,"CAD","250ml","1"
"Desi Castor Oil","Oil and Ghee",3.99,"CAD","150ml","0"
"Desi Coconut Oil","Oil and Ghee",9.99,"CAD","750ml","1"
"Desi Sesami Oil","Oil and Ghee",7.99,"CAD","250ml","1"
"Handi Sesame Seed Oil","Oil and Ghee",6.99,"CAD","110ml","1"
"Jui Coconut Oil","Oil and Ghee",7.99,"CAD","350ml","1"
"Kissan Desi Ghee","Oil and Ghee",26.99,"CAD","908gm","1"
"Parachute Coconut Oil","Oil and Ghee",14.99,"CAD","1 Liter","1"
"Premium Ghee","Oil and Ghee",19.99,"CAD","325gm","1"
"Pure Coconut Oil","Oil and Ghee",8.99,"CAD","500ml","1"
"Pure Coconut Oil","Oil and Ghee",3.99,"CAD","200ml","1"
"Sesami Oil","Oil and Ghee",8.99,"CAD","250ml","1"
"Teer Mustard Oil","Oil and Ghee",5.99,"CAD","500ml","0"
"Vegetable Oil","Oil and Ghee",13.99,"CAD","3 Liters","0"
"Radhuni Beef Masala","Radhuni Spices",2.49,"CAD","100gm","1"
"Radhuni Biryani Masala","Radhuni Spices",2.49,"CAD","35gm","1"
"Radhuni Borhani","Radhuni Spices",2.49,"CAD","50gm","1"
"Radhuni Chotpoti Masala","Radhuni Spices",2.49,"CAD","50gm","1"
"Radhuni Cumin Powder","Radhuni Spices",7.99,"CAD","400gm","0"
"Radhuni Cumin Powder","Radhuni Spices",3.99,"CAD","200gm","0"
"Radhuni Fish Masala","Radhuni Spices",2.49,"CAD","100gm","1"
"Radhuni Garam Masala","Radhuni Spices",3.99,"CAD","100gm","1"
"Radhuni Hyderabadi Biryani","Radhuni Spices",2.49,"CAD","45gm","1"
"Radhuni Kacchi Biryani","Radhuni Spices",2.49,"CAD","40gm","1"
"Radhuni Kala Bhuni","Radhuni Spices",2.49,"CAD","80gm","0"
"Radhuni Meat Masala","Radhuni Spices",2.49,"CAD","100gm","1"
"Radhuni Mezbani Masala","Radhuni Spices",2.49,"CAD","68gm","1"
"Radhuni Rezala Masala","Radhuni Spices",2.49,"CAD","35gm","1"
"Radhuni Roast Masala","Radhuni Spices",2.49,"CAD","35gm","1"
"Radhuni Tehari Masala","Radhuni Spices",2.49,"CAD","50gm","1"
"Aromatic Broken Rice","Rice",8.99,"CAD","4Lb","1"
"Banoful Chinigura Rice","Rice",6.99,"CAD","1kg","1"
"Banoful Kalijeera Rice","Rice",23.99,"CAD","10 lbs","1"
"Hilal Basmati Rice","Rice",18.99,"CAD","10 lbs","1"
"Hilal Basmati Sella Rice","Rice",18.99,"CAD","10 lbs","1"
"Minar Classic Basmati Rice","Rice",20.99,"CAD","10 lbs","1"
"Naj Kalijeera Rice","Rice",23.99,"CAD","10 lbs","1"
"Nayab Basmati Rice","Rice",10.99,"CAD",NA,"1"
"Noori Basmati Rice","Rice",9.99,"CAD","8 lbs","0"
"Noori Sella Basmati Rice","Rice",9.99,"CAD","8 lbs","0"
"Parboiled Broken Rice","Rice",6.99,"CAD","4Lb","1"
"Ruposhi Bangla Miniket Perboil Rice","Rice",21.99,"CAD","20 lbs","1"
"Ruposhi Bangla Nazirshail Perboil Rice","Rice",21.99,"CAD","20 lbs","1"
"Saleem Caravan Basmati","Rice",18.99,"CAD","10 lbs","1"
"Tilda Basmati Rice","Rice",20.99,"CAD","10 lbs","1"
"Zafarani Basmati Rice","Rice",16.99,"CAD","10 lbs","0"
"Black Pepper Whole","Spices",3.99,"CAD",NA,"1"
"Chilli Powder 200g","Spices",3.99,"CAD","200gm","1"
"Cinnamon Bark","Spices",3.99,"CAD",NA,"1"
"Clove Whole 100g","Spices",5.99,"CAD",NA,"1"
"Desi Tandoori Masala","Spices",10.99,"CAD","Original Desi Mazaa","1"
"Green Cardamon","Spices",5.99,"CAD",NA,"1"
"Kalonji Powder 200g","Spices",3.99,"CAD",NA,"1"
"Kalonji seed 200gm","Spices",3.99,"CAD",NA,"1"
"Kashmiri Chilli Powder","Spices",3.99,"CAD","200gm","1"
"Mace Powder","Spices",3.99,"CAD","50gm","1"
"Mace Whole","Spices",6.99,"CAD","25g","1"
"Panch Phoran 200gm","Spices",3.99,"CAD",NA,"1"
"Panchpuram Whole 200g","Spices",3.99,"CAD","200gm","1"
"Shan Biriyani Masala","Spices",2.25,"CAD","50gm","1"
"Shan Bombay Biriyani","Spices",2.25,"CAD","50gm","1"
"Shan Butter Chicken","Spices",2.25,"CAD","50gm","1"
"Shan Chapli Kabab","Spices",2.25,"CAD","50gm","1"
"Shan Garlic & Ginger Mix Paste","Spices",7.99,"CAD","700gm","1"
"Shan Garlic Paste","Spices",3.99,"CAD","700gm","1"
"Shan Ginger Paste","Spices",3.99,"CAD","paste from fresh ginger","1"
"Shan Haleem Masala","Spices",2.25,"CAD","50gm","1"
"Shan Pulao Biriyani","Spices",2.25,"CAD","50gm","1"
"Shan Shami Kabab","Spices",2.25,"CAD","50gm","1"
"Shan Sindhi Biriyani","Spices",2.25,"CAD","50gm","1"
"Shan Tandori Chicken","Spices",2.25,"CAD","50gm","1"
"Shan Tikka Boti","Spices",2.25,"CAD","50gm","1"
"Tit Bit Black Musterd Seed","Spices",3.99,"CAD","200gm","1"
"Tit Bit Cumin Powder","Spices",3.99,"CAD","200gm","1"
"Tit Bit Cumin Seed","Spices",3.99,"CAD","200gm","1"
"Tit Bit Fennel Powder","Spices",3.99,"CAD","200gm","1"
"Tit Bit Fennel Seed","Spices",3.99,"CAD","200gm","1"
"Tit Bit Fenugreek Powder","Spices",3.99,"CAD","200gm","1"
"Tit Bit Fenugreek seed","Spices",3.99,"CAD","200gm","1"
"Tit Bit Garam Masala Powder","Spices",3.99,"CAD","200gm","1"
"Tit Bit Kalonji Powder","Spices",3.99,"CAD","200gm","1"
"Tit Bit Kalonji Whole","Spices",3.99,"CAD","200gm","1"
"Tit Bit Musterd Powder","Spices",3.99,"CAD","200gm","1"
"Tit Bit Nutmeg Whole","Spices",3.99,"CAD","50gm","1"
"Tit Bit Yellow Musterd Seed","Spices",3.99,"CAD","200gm","1"
"Tukmaria","Spices",2.99,"CAD","200gm","1"
"Chanar Sandesh","Sweet",24.99,"CAD","1000 gm","1"
"Chomchom","Sweet",21.99,"CAD","Origin Bangladesh","1"
"Deshi Curd","Sweet",19.99,"CAD","1000gm","0"
"Khirer Chomchom","Sweet",21.99,"CAD","1000 gm","1"
"Premium Doi in Plastic","Sweet",15.99,"CAD","1.2Lbs","0"
"Premium Ghee","Sweet",19.99,"CAD","325gm","1"
"Premium Gur Shondesh","Sweet",17.99,"CAD","1Lb","1"
"Premium Kalo Jamun","Sweet",15.99,"CAD","1Lb","1"
"Premium Khir Toast","Sweet",19.99,"CAD","1Lb","1"
"Premium Khncha Sana","Sweet",19.99,"CAD","1Lb","1"
"Premium Lal Mohon","Sweet",15.99,"CAD","1 Lb","1"
"Premium Maowa Balushai","Sweet",15.99,"CAD","1Lb","1"
"Premium Nadia Shondesh","Sweet",18.99,"CAD","1Lb","1"
"Premium Ras Gulla","Sweet",15.99,"CAD","1Lb","1"
"Premium Sweets Assorted Laddus","Sweet",15.99,"CAD","1 lb","1"
"Premium Sweets Cham Cham","Sweet",16.99,"CAD","1 lb","1"
"Premium Sweets Gulab Jamon","Sweet",15.99,"CAD","1 lb","1"
"Premium Sweets Khir Toast","Sweet",19.99,"CAD","1 lb","1"
"Premium Sweets Lal Mohan","Sweet",15.99,"CAD","1 lb","1"
"Premium Sweets Maowa Balushai","Sweet",15.99,"CAD","1 lb","1"
"Premium Sweets Mihidana Laddu","Sweet",15.99,"CAD","1 lb","1"
"Premium Sweets Motichur Laddu","Sweet",15.99,"CAD","1 lb","1"
"Premium Sweets Nadia Shandesh","Sweet",17.99,"CAD","1 lb","1"
"Premium Sweets Raj Vogh","Sweet",15.99,"CAD","1 lb","1"
"Premium Sweets Roll Shondesh","Sweet",18.99,"CAD","1 lb","1"
"Premium Sweets Sanar Toast","Sweet",15.99,"CAD","1 lb","0"
"Premium Vogh Sagar","Sweet",16.99,"CAD","1Lb","1"
"Roshgollah","Sweet",21.99,"CAD",NA,"1"
"Roshmalai","Sweet",21.99,"CAD","Origin : Bangladesh","1"
"Sweet Curd","Sweet",21.99,"CAD","1000 gm","1"
"Uddin’s Cham Cham","Sweet",9.99,"CAD","400gm","1"
"Uddin’s Chanar Shandesh","Sweet",9.99,"CAD","250gm","0"
"Uddin’s Gurer Shondesh","Sweet",9.99,"CAD","250gm","0"
"Uddin’s Kala Jamun","Sweet",8.99,"CAD","400gm","1"
"Uddin’s Kancha Golla","Sweet",9.99,"CAD","250gm","0"
"Uddin’s Malai Curry","Sweet",10.99,"CAD","454gm","0"
"Uddin’s Mix Misti","Sweet",9.99,"CAD","400gm","1"
"Uddin’s Ras Gulla","Sweet",9.99,"CAD","400gm","1"
"Uddin’s Rashmalai","Sweet",10.99,"CAD","454gm","0"
"Uddin’s White Chomchom","Sweet",9.99,"CAD","400gm","1"
"Ameen Green Tea","Tea & Coffee",5.99,"CAD","300gm","1"
"Kashmiri Pink Tea","Tea & Coffee",6.99,"CAD","150g","1"
"Lipton Yellow Label Tea","Tea & Coffee",8.49,"CAD","200gm (100 Tea Bags)","1"
"Mirzapur Tea (Bangladeshi)","Tea & Coffee",7.99,"CAD","400gm","1"
"Tapal Danedar Tea","Tea & Coffee",13.99,"CAD","900 gm (loose tea)","1"
"Tapal Danedar Tea","Tea & Coffee",9.99,"CAD","450g","1"
"Tapal Danedar Tea","Tea & Coffee",9.99,"CAD","450g","1"
"Tapal Danedar Tea 450gm","Tea & Coffee",8.99,"CAD","450gm (Loose Tea)","1"
"Tapal Family Mixture","Tea & Coffee",13.99,"CAD","900gm (Black Tea)","1"
